dates,Open,High,Low,Close,Volume,OpenInt,TotalOpenInt
7/6/10,0,424,424,424,0,0,1103963
7/7/10,0,431.5,431.5,431.5,0,0,1100697
7/8/10,0,437.25,437.25,437.25,0,0,1100987
7/9/10,0,436.25,436.25,436.25,0,0,1113690
7/12/10,0,433.75,433.75,433.75,0,0,1121856
7/13/10,0,432.5,432.5,432.5,0,0,1119447
7/14/10,0,438.5,438.5,438.5,0,0,1118799
7/15/10,0,446,446,446,0,0,1128987
7/16/10,0,443.25,443.25,443.25,0,0,1163602
7/19/10,0,438.75,438.75,438.75,0,0,1169797
7/20/10,0,439.5,439.5,439.5,0,0,1173224
7/21/10,0,442.25,442.25,442.25,0,0,1179328
7/22/10,0,439.25,439.25,439.25,0,0,1187774
7/23/10,0,436,436,436,0,0,1204077
7/26/10,0,435,435,435,0,0,1203578
7/27/10,0,434,434,434,0,0,1217250
7/28/10,0,443.25,443.25,443.25,0,0,1218786
7/29/10,0,447,447,447,0,0,1217546
7/30/10,0,448,448,448,0,0,1215550
8/2/10,0,443.75,443.75,443.75,0,0,1224623
8/3/10,0,441,441,441,0,0,1246775
8/4/10,0,448,448,448,0,0,1244110
8/5/10,0,440,440,440,0,0,1261010
8/6/10,0,446,446,446,0,0,1305004
8/9/10,0,443,443,443,0,0,1303362
8/10/10,0,435.5,435.5,435.5,0,0,1304889
8/11/10,0,433,433,433,0,0,1296608
8/12/10,0,437.75,437.75,437.75,0,0,1295383
8/13/10,0,445.25,445.25,445.25,0,0,1325077
8/16/10,0,440,440,440,0,0,1328667
8/17/10,0,444.5,444.5,444.5,0,0,1331219
8/18/10,0,442.75,442.75,442.75,0,0,1342763
8/19/10,0,436.75,436.75,436.75,0,0,1357711
8/20/10,0,447.25,447.25,447.25,0,0,1352534
8/23/10,0,448.25,448.25,448.25,0,0,1369908
8/24/10,0,441.5,441.5,441.5,0,0,1374411
8/25/10,0,442.25,442.25,442.25,0,0,1347805
8/26/10,444.5,446.75,444.5,446.75,0,0,1350656
8/27/10,0,445.5,445.5,445.5,1,1,1370261
8/30/10,0,449.75,449.75,449.75,0,1,1345050
8/31/10,0,451.25,451.25,451.25,0,1,1346171
9/1/10,0,454.75,454.75,454.75,0,1,1339412
9/2/10,0,455.75,455.75,455.75,0,1,1342298
9/3/10,0,462.5,462.5,462.5,0,1,1345903
9/6/10,0,462.5,462.5,462.5,0,0,0
9/7/10,0,455.25,455.25,455.25,0,1,1379988
9/8/10,0,454.75,454.75,454.75,0,1,1381016
9/9/10,0,463.25,463.25,463.25,0,1,1372643
9/10/10,0,462.25,462.25,462.25,0,1,1375869
9/13/10,0,459,459,459,0,1,1380633
9/14/10,0,466,466,466,0,1,1361503
9/15/10,0,470,470,470,0,1,1374552
9/16/10,0,468.5,468.5,468.5,0,1,1379961
9/17/10,0,469.75,469.75,469.75,0,1,1390229
9/20/10,475,475,468.25,468.25,0,1,1412474
9/21/10,0,468.75,468.75,468.75,1,2,1422858
9/22/10,0,469.5,469.5,469.5,0,2,1441646
9/23/10,0,464.75,464.75,464.75,0,2,1448009
9/24/10,0,475.75,475.75,475.75,0,2,1452428
9/27/10,473,473,467.25,467.25,0,2,1453270
9/28/10,0,462.75,462.75,462.75,1,2,1452871
9/29/10,0,474,474,474,0,2,1449581
9/30/10,0,477.25,477.25,477.25,0,2,1452657
10/1/10,0,467.75,467.75,467.75,0,2,1451414
10/4/10,0,473.25,473.25,473.25,0,2,1447310
10/5/10,0,479,479,479,0,2,1439438
10/6/10,0,476.25,476.25,476.25,0,2,1439868
10/7/10,0,483,483,483,0,2,1433142
10/8/10,0,497.5,491.25,497.5,0,2,1431144
10/11/10,0,495.5,495.5,495.5,0,2,1424619
10/12/10,0,502,502,502,0,2,1459987
10/13/10,502,502,499.25,499.25,0,2,1475534
10/14/10,0,506,506,506,2,4,1475226
10/15/10,505,505,500,500,0,4,1483836
10/18/10,0,507.75,507.75,507.75,6,6,1502016
10/19/10,0,504.25,504.25,504.25,0,6,1511885
10/20/10,0,526.25,526.25,526.25,0,6,1530657
10/21/10,0,522.25,522.25,522.25,0,6,1555364
10/22/10,0,519.5,519.5,519.5,0,6,1565254
10/25/10,0,531.25,531.25,531.25,0,6,1564517
10/26/10,525,530.75,525,530.75,0,6,1580662
10/27/10,0,534.25,534.25,534.25,3,9,1580990
10/28/10,525,534.5,525,534.5,0,9,1588551
10/29/10,0,532.75,532.75,532.75,14,23,1605365
11/1/10,530,530,528.75,528.75,8,31,1611121
11/2/10,0,534.75,534.75,534.75,6,27,1619741
11/3/10,0,536.5,536.5,536.5,0,27,1618198
11/4/10,535,540.25,535,540.25,0,27,1621939
11/5/10,0,541.75,541.75,541.75,7,28,1645839
11/8/10,0,533,533,533,7,28,1643123
11/9/10,0,529.25,529.25,529.25,0,28,1661389
11/10/10,0,524.25,524.25,524.25,0,28,1674250
11/11/10,0,509.75,509.75,509.75,0,28,1664935
11/12/10,0,480,480,480,0,28,1660411
11/15/10,0,489.75,489.75,489.75,0,28,1653108
11/16/10,0,477,477,477,2,27,1643679
11/17/10,0,492.25,492.25,492.25,0,27,1632201
11/18/10,0,505.5,505.5,505.5,0,27,1641314
11/19/10,0,491,491,491,0,27,1653059
11/22/10,0,483.75,483.75,483.75,0,27,1668010
11/23/10,0,495.75,495.75,495.75,0,27,1648935
11/24/10,0,508.75,508.75,508.75,0,27,1630025
11/25/10,0,508.75,508.75,508.75,0,0,0
11/26/10,500,507.75,500,507.75,0,27,1619307
11/29/10,0,509,509,509,1,28,1576323
11/30/10,0,502.5,502.5,502.5,0,28,1528470
12/1/10,0,524.25,524.25,524.25,0,28,1518147
12/2/10,0,514,514,514,0,28,1514003
12/3/10,0,523.75,523.75,523.75,0,28,1508340
12/6/10,0,518,518,518,0,28,1503690
12/7/10,0,513.25,513.25,513.25,0,28,1491637
12/8/10,0,519,519,519,0,28,1489861
12/9/10,0,512.75,512.75,512.75,0,28,1484531
12/10/10,0,510.75,510.75,510.75,0,28,1491606
12/13/10,0,519,519,519,0,28,1487549
12/14/10,0,514.75,514.75,514.75,0,28,1494883
12/15/10,0,512.25,512.25,512.25,0,28,1489795
12/16/10,0,516.5,516.5,516.5,0,28,1492855
12/17/10,0,525.5,525.5,525.5,0,28,1496879
12/20/10,0,525.75,525.75,525.75,0,28,1504473
12/21/10,0,529.75,529.75,529.75,0,28,1516013
12/22/10,0,530.5,530.5,530.5,0,28,1518419
12/23/10,530,532.25,530,532.25,0,28,1525690
12/24/10,530,532.25,530,532.25,0,0,0
12/27/10,0,527.5,527.5,527.5,2,30,1535906
12/28/10,0,533.75,533.75,533.75,0,30,1534679
12/29/10,0,534,534,534,0,30,1542446
12/30/10,0,529.25,529.25,529.25,0,30,1542930
12/31/10,0,534,534,534,0,30,1537366
1/3/11,0,525.5,525.5,525.5,0,30,1549228
1/4/11,0,523.5,523.5,523.5,0,30,1552174
1/5/11,0,545.5,545.5,545.5,0,30,1546154
1/6/11,0,532,532,532,0,30,1556129
1/7/11,0,529,529,529,0,30,1572241
1/10/11,0,530,530,530,0,30,1551168
1/11/11,0,530,530,530,0,30,1550491
1/12/11,0,530,530,530,0,30,1553650
1/13/11,0,538.5,538.5,538.5,1,31,1578444
1/14/11,0,540.75,540.75,540.75,0,31,1588975
1/17/11,0,540.75,540.75,540.75,0,0,0
1/18/11,0,543.5,543.5,543.5,0,31,1596366
1/19/11,0,536.75,536.75,536.75,0,31,1610187
1/20/11,0,543.5,543.5,543.5,0,31,1610024
1/21/11,0,550.25,550.25,550.25,0,31,1614047
1/24/11,0,551.25,551.25,551.25,0,31,1623828
1/25/11,0,545.5,545.5,545.5,0,33,1628475
1/26/11,0,553.75,553.75,553.75,0,33,1623750
1/27/11,0,547.75,547.75,547.75,0,33,1628371
1/28/11,0,540.5,540.5,540.5,0,33,1634286
1/31/11,0,551.25,551.25,551.25,0,33,1639347
2/1/11,0,559,559,559,0,33,1654469
2/2/11,0,555.25,555.25,555.25,0,33,1669114
2/3/11,0,547.75,547.75,547.75,0,33,1687206
2/4/11,0,561.5,561.5,561.5,0,33,1689681
2/7/11,0,559,559,559,0,33,1695836
2/8/11,0,565.5,565.5,565.5,0,33,1695404
2/9/11,555,566,549,566,0,33,1690124
2/10/11,0,569.5,569.5,569.5,4,37,1711423
2/11/11,0,568.25,568.25,568.25,0,37,1719729
2/14/11,0,559.5,559.5,559.5,0,37,1721406
2/15/11,0,545.5,545.5,545.5,0,37,1725098
2/16/11,0,547,547,547,2,37,1719874
2/17/11,0,560.25,560.25,560.25,0,37,1723051
2/18/11,0,553.5,553.5,553.5,0,37,1745258
2/21/11,0,553.5,553.5,553.5,0,0,0
2/22/11,530,530,527.5,527.5,0,37,1728923
2/23/11,530,534.25,530,534.25,1,38,1712939
2/24/11,0,526.5,526.5,526.5,1,39,1667098
2/25/11,525,538.75,525,538.75,0,39,1659379
2/28/11,0,540.75,540.75,540.75,1,40,1651178
3/1/11,0,535.25,535.25,535.25,0,40,1643459
3/2/11,537,539.5,529.25,539.5,0,40,1647635
3/3/11,0,555.75,555.75,555.75,2,40,1646492
3/4/11,0,559.75,559.75,559.75,0,40,1648363
3/7/11,0,564.5,564.5,564.5,0,40,1648244
3/8/11,0,566.5,566.5,566.5,0,40,1631538
3/9/11,0,566.5,566.5,566.5,0,40,1627775
3/10/11,0,548.25,548.25,548.25,0,40,1625207
3/11/11,548,550.75,548,550.75,0,40,1634156
3/14/11,0,555,555,555,1,41,1633117
3/15/11,0,527,527,527,0,41,1622535
3/16/11,543,543,530.25,530.25,0,41,1613794
3/17/11,550,558.5,550,558.5,2,41,1593406
3/18/11,560,563.5,560,563.5,2,42,1586877
3/21/11,0,575.5,575.5,575.5,1,43,1576873
3/22/11,0,577.75,577.75,577.75,0,43,1580941
3/23/11,0,575.75,575.75,575.75,0,43,1570517
3/24/11,0,586.75,586.75,586.75,0,43,1571055
3/25/11,0,574.5,574.5,574.5,0,43,1567240
3/28/11,0,567.75,567.75,567.75,0,43,1566990
3/29/11,0,575.25,575.25,575.25,0,43,1551287
3/30/11,572,572,567.25,567.25,0,43,1533099
3/31/11,0,594.5,594.5,594.5,2,43,1534710
4/1/11,0,587,587,587,0,43,1562097
4/4/11,0,587.25,587.25,587.25,0,43,1598125
4/5/11,0,587.75,587.75,587.75,0,43,1618884
4/6/11,0,586.5,586.5,586.5,0,43,1618508
4/7/11,0,585.25,585.25,585.25,0,43,1631127
4/8/11,0,595,595,595,2,43,1636355
4/11/11,0,597.75,597.75,597.75,0,43,1657393
4/12/11,0,582.5,582.5,582.5,0,43,1669432
4/13/11,0,601.5,601.5,601.5,0,43,1659868
4/14/11,600,603,600,603,0,43,1646488
4/15/11,0,598.5,598.5,598.5,3,46,1636459
4/18/11,604.25,605.75,604.25,605.75,0,46,1627665
4/19/11,0,604,604,604,1,45,1637914
4/20/11,602.75,602.75,595.5,595.5,0,45,1650391
4/21/11,0,609.5,609.5,609.5,10,48,1647573
4/22/11,0,609.5,609.5,609.5,0,0,0
4/25/11,0,613,613,613,0,48,1631763
4/26/11,0,609.75,609.75,609.75,0,48,1612141
4/27/11,0,604.75,604.75,604.75,1,49,1592732
4/28/11,602,605.5,585,585,0,49,1552607
4/29/11,0,602.5,602.5,602.5,9,52,1522749
5/2/11,0,605.75,605.75,605.75,0,52,1503973
5/3/11,0,602.25,602.25,602.25,0,52,1496704
5/4/11,0,603.25,603.25,603.25,0,52,1492619
5/5/11,0,597.75,597.75,597.75,0,52,627
5/6/11,0,584.25,584.25,584.25,0,52,1479541
5/9/11,0,601.5,601.5,601.5,0,52,1462118
5/10/11,0,600.75,600.75,600.75,0,52,1457358
5/11/11,599,599,580,580,0,52,1445978
5/12/11,0,589.5,589.5,589.5,50,68,1437382
5/13/11,590,590,589,589,0,68,1433288
5/16/11,589,589.5,589,589.5,1,68,1423202
5/17/11,0,607.75,607.75,607.75,2,70,1415587
5/18/11,0,608.75,608.75,608.75,2,70,1421487
5/19/11,610,610,604,604,0,70,1419248
5/20/11,0,608.5,608.5,608.5,1,70,1417993
5/23/11,0,608.5,608.5,608.5,0,70,1413568
5/24/11,0,604.5,604.5,604.5,1,70,1409459
5/25/11,0,611.75,611.75,611.75,0,70,1405435
5/26/11,0,610.25,610.25,610.25,0,70,1417063
5/27/11,0,612,612,612,0,70,1425521
5/30/11,0,612,612,612,0,0,0
5/31/11,0,603.25,603.25,603.25,0,70,1437449
6/1/11,0,608.5,608.5,608.5,0,70,1435358
6/2/11,0,616.5,616.5,616.5,0,70,1441858
6/3/11,615,615.25,611.5,615.25,0,70,1461231
6/6/11,0,607,607,607,2,70,1454173
6/7/11,0,614.5,614.5,614.5,0,70,1455580
6/8/11,0,629.25,629.25,629.25,0,70,1451151
6/9/11,625,639.5,625,639.5,0,70,1451815
6/10/11,0,635,635,635,40,82,1464074
6/13/11,623,628.5,622.75,628.5,0,82,1471840
6/14/11,623,625,619,619,2,83,1492159
6/15/11,615,615,606.5,606.5,28,88,1482562
6/16/11,0,598.5,598.5,598.5,5,90,1459909
6/17/11,0,600,600,600,3,92,1447577
6/20/11,0,610,610,610,0,92,1432021
6/22/11,0,604.25,604.25,604.25,0,92,1415226
6/23/11,0,602,602,602,0,92,1394491
6/24/11,0,602,602,602,0,92,1393022
6/27/11,0,596.5,596.5,596.5,0,92,1360092
6/28/11,0,615,615,615,0,92,1283251
6/29/11,613.25,617,613.25,617,0,92,1251853
6/30/11,0,593,593,593,1,92,1228849
7/1/11,597.5,600,595,595.5,0,92,1218013
7/4/11,597.5,600,595,595.5,0,0,0
7/5/11,0,605.75,605.75,605.75,40,105,1208896
7/6/11,0,609.5,609.5,609.5,0,105,1200847
7/7/11,0,603.75,603.75,603.75,0,105,1190223
7/8/11,0,613,613,613,0,105,1185584
7/11/11,610,611.5,610,611.5,0,105,1180722
7/12/11,0,621,621,621,2,104,1180392
7/13/11,624,625.25,624,625.25,0,104,1188188
7/14/11,612,614.5,612,614.5,1,104,1185910
7/15/11,0,610.25,610.25,610.25,20,110,1190770
7/18/11,0,610.25,610.25,610.25,0,110,1187057
7/19/11,0,608.5,608.5,608.5,0,110,1191055
7/20/11,0,602.75,602.75,602.75,0,110,1196994
7/21/11,0,606,606,606,0,110,1202949
7/22/11,0,613.5,613.5,613.5,0,110,1208401
7/25/11,0,611.75,611.75,611.75,0,110,1207846
7/26/11,0,622.75,622.75,622.75,0,110,1203897
7/27/11,620,632,620,632,0,110,1203373
7/28/11,630,630,627.25,627.25,31,120,1206789
7/29/11,0,617.25,617.25,617.25,2,117,1205773
8/1/11,0,628.75,628.75,628.75,0,117,1208612
8/2/11,0,634.75,634.75,634.75,0,117,1218424
8/3/11,0,638.5,638.5,638.5,8,117,1234630
8/4/11,627.75,629.5,627.75,629.5,0,117,1238351
8/5/11,0,631,631,631,1,116,1243139
8/8/11,0,613,613,613,0,116,1248447
8/9/11,0,623,618.75,618.75,0,116,1237403
8/10/11,0,612,612,612,0,116,1226344
8/11/11,0,626,626,626,0,116,1221241
8/12/11,0,628.5,628.5,628.5,0,116,1235477
8/15/11,0,628.75,628.75,628.75,0,116,1237682
8/16/11,0,633.25,633.25,633.25,0,116,1246313
8/17/11,0,630,630,630,0,116,1245187
8/18/11,0,620,620,620,48,119,1253369
8/19/11,0,626.75,626.75,626.75,10,124,1247637
8/22/11,0,639.5,639.5,639.5,0,124,1249618
8/23/11,0,641.5,641.5,641.5,0,124,1260428
8/24/11,0,631.75,631.75,631.75,0,124,1265224
8/25/11,0,630,630,630,0,124,1264739
8/26/11,0,633.25,633.25,633.25,0,124,1268762
8/29/11,635,635,634.5,634.5,1,125,1268185
8/31/11,640,640,633,633,2,126,1237201
9/1/11,0,618.75,618.75,618.75,1,126,1228406
9/2/11,0,625,625,625,0,126,1231782
9/5/11,0,625,625,625,0,0,0
9/6/11,0,629.75,629.75,629.75,0,126,1237126
9/7/11,0,629.25,629.25,629.25,0,126,1239567
9/8/11,626,627,626,627,0,126,1234512
9/9/11,0,623.5,623.5,623.5,7,126,1224262
9/12/11,0,624,624,624,0,126,1225938
9/14/11,0,614.75,614.75,614.75,1,127,1213565
9/15/11,0,600,600,600,0,127,1226416
9/16/11,0,597,597,597,0,127,1223571
9/19/11,0,590.75,590.75,590.75,0,127,1215951
9/20/11,0,593.75,593.75,593.75,0,127,1212789
9/21/11,600.25,601,598.25,598.25,0,127,1211617
9/23/11,581,583,567.5,567.5,0,127,1203641
9/26/11,0,574,574,574,3,127,1202493
9/27/11,585,589.25,585,589.25,0,127,1194923
9/28/11,0,574.25,574.25,574.25,7,125,1194151
9/29/11,573.5,580,573.5,579.5,0,125,1188049
9/30/11,0,571.25,571.25,571.25,10,123,1187480
10/3/11,0,571.5,571.5,571.5,0,123,1201833
10/4/11,0,570.75,570.75,570.75,0,123,1206590
10/5/11,578.5,581,576,581,0,123,1202658
10/6/11,0,583,583,583,109,155,1201799
10/7/11,583,583,577.5,577.5,0,155,1210729
10/10/11,0,583.25,583.25,583.25,40,175,1212695
10/11/11,0,607,607,607,7,178,1210088
10/12/11,0,602.25,602.25,602.25,0,178,1194779
10/13/11,0,599.75,599.75,599.75,0,178,1202111
10/14/11,0,606.5,606.5,606.5,7,176,1214983
10/17/11,604.25,604.25,604,604.25,0,176,1233996
10/18/11,0,599.75,599.75,599.75,10,176,1233213
10/19/11,0,594.5,594.5,594.5,0,176,1237330
10/20/11,0,600.25,600.25,600.25,0,176,1232470
10/21/11,0,601.5,601.5,601.5,0,176,1236630
10/24/11,0,603.75,603.75,603.75,16,184,1236034
10/25/11,605,606,605,606,0,184,1229239
10/26/11,600,600.5,600,600.5,30,189,1220762
10/27/11,0,610.25,610.25,610.25,31,191,1223806
10/28/11,0,613,613,613,6,192,1225143
10/31/11,0,604.5,604.5,604.5,0,192,1231570
11/1/11,0,612.75,612.75,612.75,0,0,0
11/2/11,0,608,608,608,0,194,1231823
11/3/11,0,612.75,612.75,612.75,0,194,1229148
11/4/11,0,611.75,611.75,611.75,0,194,1239735
11/7/11,0,615,615,615,0,189,1217936
11/8/11,613,613,607,611.75,1,190,1250157
11/9/11,0,599,596.5,599,3,192,1267573
11/10/11,0,593,593,593,3,195,1296476
11/11/11,0,585.5,585.5,585.5,0,195,1310791
11/14/11,583,583,582,582,0,195,1315638
11/15/11,0,591.5,591.5,591.5,1,200,1319195
11/16/11,0,589.25,589.25,589.25,0,200,1318578
11/17/11,0,571.25,571.25,571.25,0,200,1320908
11/18/11,0,568.5,568.5,568.5,1,200,1328780
11/21/11,0,568.5,568.5,568.5,0,200,1322868
11/22/11,566.25,570.25,566,570.25,0,200,1318773
11/23/11,570,570,569.5,569.5,3,200,1298708
11/24/11,570,570,569.5,569.5,0,0,0
11/25/11,0,562.25,562.25,562.25,2,200,1270382
11/28/11,567.75,572.5,567.75,572.5,0,200,1268774
11/29/11,0,574,574,574,15,205,1201006
11/30/11,0,576,576,576,0,205,1156941
12/1/11,580,580.25,579,580.25,0,205,1154141
12/2/11,0,575.25,575.25,575.25,5,208,1148763
12/5/11,0,578.75,578.75,578.75,0,208,1146241
12/6/11,575,578.25,575,578.25,0,208,1146889
12/7/11,0,573.25,573.25,573.25,11,213,1146906
12/8/11,0,581.75,581.75,581.75,4,210,1146285
12/9/11,0,574,574,574,0,210,1149137
12/12/11,0,569,569,569,0,210,1154415
12/13/11,575,575.75,575,575.75,0,210,1159173
12/14/11,0,565.5,565.5,565.5,1,210,1166153
12/15/11,0,566.25,566.25,566.25,4,209,1169860
12/16/11,0,569.5,569.5,569.5,0,209,1167592
12/19/11,572.5,573,572.5,573,0,209,1173738
12/20/11,0,580,580,580,1,209,1164379
12/21/11,0,582.25,582.25,582.25,2,209,1165318
12/22/11,0,576.5,576.5,576.5,0,209,1168258
12/26/11,0,577,577,577,0,0,0
12/27/11,583,583,582,582,0,209,1158975
12/28/11,584.75,586.5,584.75,586.5,1,210,1153976
12/29/11,0,588,588,588,1,210,1147739
12/30/11,588,588,585.75,585.75,1,210,1143324
1/2/12,588,588,585.75,585.75,0,0,0
1/3/12,590.5,592,587.5,592,15,214,1151024
1/4/12,0,591.75,591.75,591.75,11,213,1176008
1/5/12,0,579.75,579.75,579.75,0,213,1182195
1/6/12,0,574.75,574.75,574.75,0,213,1193378
1/9/12,0,582.5,582.5,582.5,0,213,1204637
1/10/12,0,583.75,583.75,583.75,2,213,1212550
1/11/12,582,582.5,578.5,578.5,0,213,1211479
1/12/12,0,570.5,570.5,570.5,12,218,1211908
1/13/12,0,568.25,568.25,568.25,1,219,1200821
1/16/12,0,568.25,568.25,568.25,0,0,0
1/17/12,0,569.5,569.5,569.5,1,218,1209478
1/18/12,567,567,562.75,562.75,0,218,1205420
1/19/12,0,569,569,569,3,218,1208616
1/20/12,0,565.75,565.75,565.75,0,218,1211205
1/23/12,0,570.25,570.25,570.25,0,218,1211669
1/24/12,571.5,573.5,571.5,573.5,0,218,1219617
1/25/12,0,571,571,571,2,218,1214460
1/26/12,0,575,575,575,0,218,1211599
1/27/12,580,581,580,581,0,218,1221911
1/30/12,0,574.75,574.75,574.75,3,218,1223943
1/31/12,0,578,578,578,0,218,1224528
2/1/12,580,583.75,580,583.75,0,218,1235541
2/2/12,0,583,583,583,5,218,1244700
2/3/12,580,583.75,580,583.75,0,218,1245936
2/6/12,578.25,582.5,577,582.5,5,218,1253743
2/7/12,580,580,579.25,579.25,62,231,1278116
2/8/12,574,576.25,574,576.25,1,232,1278727
2/9/12,0,575.5,575.5,575.5,1,232,1273915
2/10/12,0,572.5,572.5,572.5,1,233,1281159
2/13/12,575,575.75,575,575.75,6,239,1285617
2/14/12,0,575,575,575,4,240,1301392
2/15/12,0,568,568,568,0,240,1315896
2/16/12,0,572.25,572.25,572.25,0,240,1321273
2/17/12,0,572.5,572.5,572.5,0,240,1313647
2/20/12,0,572.5,572.5,572.5,0,0,0
2/21/12,0,568.75,568.75,568.75,5,238,1318232
2/22/12,0,569.5,569.5,569.5,10,235,1312512
2/24/12,0,568.5,568.5,568.5,15,233,1324925
2/27/12,570,570,568.25,568.25,5,233,1301115
2/28/12,570.5,575,570.5,573.5,26,238,1282366
2/29/12,570.25,577.5,570,577.5,85,273,1281619
3/1/12,576,577.25,576,577.25,90,298,1271727
3/2/12,577,577,571.25,571.25,5,299,1273313
3/5/12,580.25,582,580.25,581.25,31,301,1277916
3/6/12,0,573,573,573,20,311,1291496
3/7/12,570,571.5,568,571.5,2,313,1289544
3/8/12,572.5,572.5,569.25,569.25,12,314,1294669
3/9/12,566.5,576,566.5,576,6,315,1301885
3/12/12,574.75,577.75,574.75,577.75,14,311,1297928
3/13/12,0,572.5,572.5,572.5,6,315,1303986
3/14/12,0,575.5,575.5,575.5,1,315,1322339
3/15/12,579.75,582.25,579.75,582.25,0,315,1321196
3/16/12,580,582,580,581.75,12,324,1334918
3/19/12,580.75,580.75,580.25,580.25,25,341,1342584
3/20/12,574.5,574.5,571.5,573.25,8,345,1336092
3/21/12,0,570.25,570.25,570.25,5,346,1324552
3/22/12,0,568.25,568.25,568.25,10,351,1317050
3/23/12,0,568.75,568.75,568.75,0,351,1321275
3/26/12,568.75,568.75,565.75,565.75,2,352,1319571
3/27/12,564,564,563,563,8,360,1321965
3/28/12,557.75,557.75,551.75,551.75,11,368,1308869
3/29/12,551.25,553.5,542,542,16,374,1311737
3/30/12,550,560.5,550,560.5,63,395,1319472
4/2/12,0,566.75,566.75,566.75,32,395,1338009
4/3/12,565.5,569.25,565.5,569.25,20,395,1341955
4/4/12,0,568.25,568.25,568.25,25,375,1342111
4/5/12,0,572.5,572.5,572.5,0,375,1356117
4/9/12,573,573,569,569,0,375,1358778
4/10/12,0,566.75,566.75,566.75,2,377,1350141
4/11/12,567,567.5,567,567.5,4,377,1349593
4/12/12,0,568.5,568.5,568.5,15,377,1350947
4/13/12,563,563,559.5,559.5,1,376,1359603
4/16/12,0,551.5,551.5,551.5,13,372,1362550
4/17/12,0,552.5,552.5,552.5,0,372,1360885
4/18/12,555,555,552.5,552.5,5,375,1355022
4/19/12,0,563.25,563.25,563.25,20,383,1356057
4/20/12,562.25,562.25,557.25,557.25,22,394,1357177
4/23/12,0,565.5,565.5,565.5,4,396,1328846
4/24/12,0,561.5,561.5,561.5,0,396,1319480
4/25/12,0,559.75,559.75,559.75,2,397,1309730
4/26/12,0,556.75,556.75,556.75,12,404,1293513
4/27/12,0,559.75,559.75,559.75,0,404,1278175
4/30/12,0,564,564,564,28,421,1246231
5/1/12,549.25,555.25,549.25,555.25,0,0,0
5/2/12,0,560.5,560.5,560.5,6,427,1225210
5/3/12,554.75,562.25,554.5,562.25,6,425,1219448
5/4/12,553,557.25,553,557.25,6,428,1219486
5/7/12,549.25,555.25,549.25,555.25,11,434,1217492
5/8/12,554,559.75,554,559.75,28,460,1224710
5/9/12,550.25,550.25,545.5,548.75,45,465,1232903
5/10/12,550,550,542,545.5,15,467,1238668
5/11/12,540,545.75,539.75,545.75,21,473,1246912
5/14/12,542.75,544.5,542.75,544.5,46,514,1249687
5/15/12,550,550,548,548,1,514,1238835
5/16/12,550,557,550,557,2,515,1232055
5/17/12,558,560,555,560,1,516,1230232
5/18/12,560,564,557,557,11,524,1222115
5/21/12,559,559.25,559,559.25,52,574,1207308
5/22/12,554,554,544,544,17,572,1204886
5/23/12,546,546,545.5,545.5,22,570,1195041
5/24/12,540,546,540,546,2,569,1189181
5/25/12,0,550.25,550.25,550.25,8,574,1186415
5/28/12,0,550.25,550.25,550.25,0,0,0
5/29/12,0,545.25,545.25,545.25,0,574,1170333
5/30/12,550,550,548.5,550,0,574,1173286
5/31/12,0,547,547,547,20,580,1175025
6/1/12,545.75,550,536.25,536.25,0,580,1184700
6/4/12,548,548.5,548,548.5,17,580,1173255
6/5/12,540,540,536,536,1,581,1177670
6/6/12,548,549.25,548,549.25,7,585,1178388
6/7/12,553,563,553,563,6,587,1182998
6/8/12,560,568,560,568,6,587,1177612
6/11/12,555,560,555,560,5,587,1170892
6/12/12,545,553,545,553,4,590,1162518
6/13/12,547,547,543,543.5,3,590,1157512
6/14/12,544.75,544.75,544.25,544.25,123,703,1155495
6/15/12,548.5,548.5,533.25,533.25,8,707,1144307
6/18/12,548.25,561,548.25,559.5,8,708,1143574
6/19/12,561.75,580,561.75,580,10,715,1129240
6/20/12,572,579,572,576.5,51,736,1117515
6/21/12,577.5,577.5,566.5,566.5,12,722,1118520
6/22/12,576.25,576.25,569.5,569.5,6,724,1104903
6/25/12,581,585,579,582,1,725,1082270
6/26/12,589,589.25,579,588.5,23,728,1073768
6/27/12,589.75,597,589.75,592.5,32,741,1057772
6/28/12,597,597,587,587,27,747,1056911
6/29/12,586.75,605.25,586.75,592.75,39,780,1031800
7/2/12,605,607.75,597,607.75,61,805,1027833
7/3/12,610,617.75,610,617.75,20,808,1032460
7/4/12,610,617.75,610,617.75,0,0,0
7/5/12,625,630,625,628.75,22,829,1036636
7/6/12,623.5,623.5,616.5,619.25,81,850,1051192
7/9/12,639.5,639.75,638,639.25,21,864,1054800
7/10/12,638,639.75,631,631,92,897,1088896
7/11/12,634.25,640,612,620.5,144,943,1088659
7/12/12,629,635,629,635,46,960,1105989
7/13/12,0,637,637,637,6,960,1116308
7/16/12,637,648,637,643.75,0,960,1123011
7/17/12,647.25,647.25,638,638,44,967,1143101
7/18/12,637,640,635,639.75,107,972,1154865
7/19/12,639.75,640.5,609.5,609.5,78,985,1164213
7/20/12,621.25,621.25,620.5,621,95,954,1178367
7/23/12,620,630,620,627.25,42,942,1186791
7/24/12,619,626.5,619,626.5,38,942,1195643
7/25/12,629,636,629,631,57,941,1199302
7/26/12,633.5,633.5,626,626.75,175,958,1201300
7/27/12,0,636,636,636,37,962,1197558
7/30/12,639,645,639,645,28,964,1190795
7/31/12,646.5,649,640.75,647.75,4,963,1198003
8/1/12,649,650,643.5,644.25,21,966,1190062
8/2/12,638,647.75,638,647.75,28,968,1180768
8/3/12,0,645.25,645.25,645.25,13,970,1180115
8/6/12,0,651.25,651.25,651.25,13,968,1189764
8/7/12,0,650.75,650.75,650.75,0,968,1190668
8/8/12,0,653.75,653.75,653.75,3,967,1187048
8/9/12,654,655,652.75,655,13,967,1190355
8/10/12,657,657,649,656.5,15,968,1197159
8/13/12,650.75,650.75,644,650,28,968,1224878
8/14/12,646.5,648,645,645.75,24,984,1221151
8/15/12,642,650,642,644,13,992,1212846
8/16/12,0,645.75,645.75,645.75,44,993,1219143
8/17/12,0,643.25,643.25,643.25,11,985,1230950
8/20/12,649.5,655,649.5,655,0,985,1229033
8/21/12,656,661.5,656,661.5,12,988,1236589
8/22/12,658,660.25,658,660.25,22,989,1256968
8/23/12,654,655.5,654,655.5,4,991,1255526
8/24/12,651.25,655.5,651.25,655.5,2,989,1247916
8/27/12,654.5,655.5,654.5,655.5,23,981,1228707
8/28/12,0,659.25,659.25,659.25,4,983,1218394
8/29/12,665,665.5,665,665.5,5,985,1210057
8/30/12,661.5,665.75,661.5,664.5,2,987,1198533
8/31/12,665,667,663.75,665.5,33,1009,1185297
9/3/12,665,667,663.75,665.5,0,0,0
9/4/12,669,671.5,669,671.5,77,1022,1173983
9/5/12,668.75,671.5,668.75,671.5,14,1026,1178390
9/6/12,670.75,675.75,670.75,675.75,7,1030,1170618
9/7/12,674.5,675.5,673.75,675.5,11,1033,1167255
9/10/12,674,674.5,670.75,670.75,43,1044,1170930
9/11/12,674,674,668.75,669,21,1045,1171617
9/12/12,662.5,667.5,662.5,667.5,16,1045,1162738
9/13/12,668,669.5,667.75,669.5,15,1042,1176765
9/14/12,670,676,670,675.5,6,1045,1181223
9/17/12,675,675,656.5,656.5,16,1053,1182249
9/18/12,653,655,648,648,25,1060,1178795
9/19/12,648,654.25,648,654.25,29,1069,1175247
9/20/12,650,654.25,647,654.25,94,1065,1177918
9/21/12,656,656,654.25,654.25,112,1053,1179149
9/24/12,653,653,650.5,652.25,30,1054,1175419
9/25/12,0,653,653,653,16,1070,1172341
9/26/12,647,648.5,633,633.25,0,1070,1172896
9/27/12,632.25,632.25,623.5,623.5,52,1068,1168400
9/28/12,623.75,651.25,623.5,646,12,1063,1173487
10/1/12,646,646.5,646,646.5,85,1036,1200034
10/2/12,645,646.5,644,646.5,4,1036,1201479
10/3/12,644,651,644,649.5,4,1036,1206089
10/4/12,0,643,643,643,25,1020,1210357
10/5/12,0,641.5,641.5,641.5,1,1020,1207037
10/8/12,640,641.25,640,641.25,32,1004,1202508
10/9/12,0,643.75,643.75,643.75,7,1001,1198959
10/10/12,643.25,646.25,640.5,646.25,0,1001,1201847
10/11/12,650,660.5,650,660.5,17,1014,1206479
10/12/12,647,649.25,645.75,649.25,54,1054,1256390
10/15/12,641.5,644,640,644,9,1057,1252633
10/16/12,641.5,641.5,641,641,81,1081,1246350
10/17/12,641.5,642.75,640.5,642.75,2,1081,1252825
10/18/12,650,650.75,650,650.75,46,1110,1255864
10/19/12,646,649.5,645.25,649.5,1,1110,1268983
10/22/12,0,648,648,648,10,1116,1273352
10/23/12,0,648.75,648.75,648.75,0,1116,1273951
10/24/12,651,654,651,654,6,1122,1278961
10/25/12,654,654,649.25,649.25,1,1123,1283718
10/26/12,650.5,652.25,650.5,650.5,13,1133,1284526
10/29/12,651,652.75,648,652.75,10,1123,1285789
10/30/12,0,653.25,653.25,653.25,39,1117,1284414
10/31/12,656,656,651.75,651.75,5,1112,1279243
11/1/12,658,658.5,654.75,654.75,4,1113,1286865
11/2/12,655,655,651.25,651.25,24,1115,1294232
11/5/12,648,649.5,646.25,646.25,9,1122,1292803
11/6/12,0,652,652,652,15,1121,1286641
11/7/12,651,658,651,656.75,0,1121,1286308
11/8/12,655,655.25,652.5,652.5,100,1153,1290501
11/9/12,648,648,645.75,646.5,4,1154,1285585
11/12/12,644.25,644.25,625.75,630.25,5,1154,1295455
11/13/12,625,629.75,625,629.75,26,1162,1303510
11/14/12,630,630,626.25,627,41,1168,1294574
11/15/12,626.5,627,625,625.5,2,1168,1299999
11/16/12,625,627.25,622,627.25,30,1174,1297618
11/19/12,625.5,639,625.5,637.75,34,1166,1294793
11/20/12,641.25,642,641.25,641.75,30,1182,1303298
11/21/12,641.25,642,641.25,641.75,0,0,0
11/22/12,642.5,643.25,641.75,641.75,0,0,0
11/23/12,0,643.75,643.75,643.75,3,1197,1305395
11/26/12,647,647,645,647,2,1195,1292494
11/27/12,648,654,648,654,78,1229,1265925
11/28/12,650.5,655.75,650.5,655.75,73,1230,1240602
11/29/12,654.5,654.5,652,652.25,8,1232,1239674
11/30/12,654,654,652,652,3,1234,1229969
12/3/12,658,658,655.25,655.75,34,1237,1222174
12/4/12,655,657,652.25,657,27,1254,1214906
12/5/12,660,661,658.25,661,78,1291,1203364
12/6/12,657.25,659.25,657.25,659.25,36,1305,1207317
12/7/12,656.25,656.5,650.5,653.5,13,1298,1209821
12/10/12,649.25,652.25,645,652.25,5,1300,1196705
12/11/12,646.25,650.5,643,644.5,44,1331,1197671
12/12/12,0,642.75,642.75,642.75,40,1333,1193444
12/13/12,639.5,642.5,635.5,642.5,0,1328,1175596
12/14/12,642.25,644.25,642.25,644.25,32,1342,1169818
12/17/12,647,647,637.75,637.75,1,1342,1162787
12/18/12,634.5,638.75,634.5,638.75,68,1380,1158492
12/19/12,639.75,639.75,632.5,633,4,1378,1153532
12/20/12,630.5,630.5,622.5,623.25,285,1489,1160817
12/21/12,623.5,625.5,623,625.5,46,1503,1156017
12/24/12,624.75,625.5,622.5,625.5,86,1496,1137416
12/26/12,619,619,617.75,618.5,26,1514,1137584
12/27/12,617.25,617.75,613.75,615.5,15,1508,1137954
12/28/12,616,619.25,616,619.25,29,1526,1133483
12/31/12,620,620,614.25,619,22,1534,1132370
1/2/13,621,621,610,612,44,1536,1128183
1/3/13,602.5,607,602.5,606.75,68,1548,1144331
1/4/13,601.5,601.5,592.75,592.75,60,1589,1143232
1/7/13,592.25,597,592.25,595.5,157,1664,1141628
1/8/13,592.75,600,592.25,598.75,76,1682,1145523
1/9/13,599,603.5,597.25,602.5,193,1707,1148434
1/10/13,603,605,601.25,604.75,119,1779,1162874
1/11/13,603,612,595,597.5,140,1848,1168137
1/14/13,599,603.75,596.5,603.75,494,2028,1186077
1/15/13,603.5,610.75,603.5,608.25,114,2055,1184439
1/16/13,604.25,611,604.25,611,254,2165,1192284
1/17/13,609,609,605,605.25,67,2176,1194550
1/18/13,608,610,605.25,609,126,2194,1187137
1/21/13,608,610,605.25,609,0,0,0
1/22/13,609.25,613.25,609,609,98,2226,1190095
1/23/13,609.25,611,608,609.25,41,2223,1194795
1/24/13,610,610,603.25,605.25,44,2195,1193368
1/25/13,608,608,603,604.25,481,2248,1205817
1/28/13,606,610.25,605,610.25,371,2290,1209415
1/29/13,610,610,607.75,607.75,313,2347,1213329
1/30/13,608.5,614.5,607.5,614.25,75,2348,1223427
1/31/13,615,615,609.5,612,161,2438,1243100
2/1/13,615.25,615.25,613.25,613.25,79,2479,1273074
2/4/13,615.75,618,613,615,19,2483,1268719
2/5/13,612.5,612.5,607,611.75,102,2525,1274211
2/6/13,610,610,601,601.5,56,2560,1282117
2/7/13,598,599,590.5,590.5,235,2709,1285514
2/8/13,591.25,591.25,586,586.75,555,3044,1291725
2/11/13,587,587,580,582,614,3278,1272356
2/12/13,578,586.25,577.75,586.25,360,3337,1280832
2/13/13,587,588.25,581,588,392,3384,1291266
2/14/13,588,590,581.75,587.25,139,3390,1297285
2/15/13,590,591.5,586,586.5,76,3420,1304097
2/18/13,590,591.5,586,586.5,0,0,0
2/19/13,586.25,586.25,579.25,581,187,3415,1307337
2/20/13,582,584.25,580.25,584.25,97,3441,1313307
2/21/13,578.25,578.75,577,577,76,3446,1293675
2/22/13,578.5,579.75,574.5,575.25,57,3458,1289828
2/25/13,575,576.25,573,573.5,55,3459,1250679
2/26/13,574.25,579.5,571,579.5,164,3527,1248204
2/27/13,579,580.5,575.5,576.5,195,3636,1242543
2/28/13,577.75,578.75,575,578.75,67,3659,1223321
3/1/13,580,580,574.5,578.75,93,3699,1213305
3/5/13,572.25,576.5,572.25,574.25,194,3846,1206327
3/6/13,570,570.75,566.25,566.5,202,3945,1204302
3/7/13,567.25,567.25,562.75,564,171,4012,1211655
3/8/13,564,570,562.75,569,276,4158,1207102
3/11/13,570.75,577.5,570.75,576,87,4189,1208809
3/12/13,574.75,581.5,574,580,156,4295,1223226
3/13/13,577.75,580.75,571.25,577.25,502,4504,1224315
3/14/13,575,580,575,580,139,4546,1229438
3/15/13,580,581.75,577,581.75,305,4677,1252535
3/18/13,579,583,577.25,582,87,4703,1259120
3/19/13,580.5,582.5,577.25,582.5,103,4723,1267921
3/20/13,582,587.25,582,587.25,52,4733,1290732
3/21/13,586.75,590,585.5,588.5,140,4745,1304246
3/22/13,586,587,583.75,586.75,58,4762,1316420
3/25/13,589,593.25,587,593.25,229,4844,1326086
3/26/13,593,594,589,592.5,241,4992,1327592
3/27/13,591,594.25,590,591.5,311,5036,1330485
3/28/13,589.5,591,560.75,560.75,322,5115,1341354
3/29/13,589.5,591,560.75,560.75,0,0,0
4/1/13,563.5,563.5,549.75,558.5,1043,5396,1358187
4/2/13,560.5,563.5,553.25,560.5,471,5612,1341690
4/3/13,561,564.5,558.75,564.25,620,5886,1315115
4/4/13,563.75,565.75,559.5,564.25,878,6494,1302866
4/5/13,564.25,565.25,558,560.25,623,6619,1303256
4/8/13,558.5,559,552.75,556.25,512,6810,1305568
4/9/13,557,563.5,555.5,563.5,824,7126,1301639
4/10/13,563.25,570,555.5,566.75,413,7255,1297225
4/12/13,570,574,568.75,574,756,7642,1304189
4/15/13,574.25,574.25,555,556.5,288,7746,1302649
4/16/13,556,564,553,564,484,7860,1294275
4/17/13,561,572,561,570.5,624,8203,1280221
4/18/13,569.75,573.25,564.75,564.75,606,8499,1268071
4/19/13,563.5,572.5,560,570.75,444,8699,1261903
4/22/13,563.25,563.75,555.5,557.75,1308,9364,1263107
4/23/13,558,558,543.25,548.25,2077,10547,1257784
4/24/13,543.25,554,543.25,554,1889,11065,1250211
4/25/13,554,557.75,554,557.75,3557,12903,1246265
4/26/13,557.25,557.25,549.25,550.5,2376,14082,1236219
4/29/13,560,584.25,560,582.75,3723,15763,1200241
4/30/13,581.75,592,579,581.5,4327,16416,1167902
5/1/13,578.5,579,569,576,3261,17661,1156341
5/2/13,574.75,584,574,583.5,1969,18280,1147080
5/3/13,582,585,576.5,578,1874,18586,1142757
5/6/13,566.25,566.25,559,564,1858,19445,1139836
5/7/13,565,565.75,555.25,565.25,2164,20227,1143336
5/8/13,565.25,565.25,554.5,557.75,2580,21250,1143526
5/9/13,555,566.75,551.5,565.75,1657,21598,1144757
5/13/13,550,565,550,564.25,2503,22298,1143783
5/14/13,565,568.5,560.25,562.5,1468,22839,1149215
5/15/13,560,561.75,556,557,1267,22915,1144729
5/16/13,556.75,558.75,548.75,548.75,2706,23702,1153966
5/17/13,548.75,548.75,542.25,544.5,1645,24343,1157092
5/20/13,540,547.25,539.5,545.75,1734,24266,1161490
5/21/13,539,546.75,538,546.25,1598,24698,1169736
5/22/13,547.75,556.25,547.75,556.25,2885,24671,1176119
5/23/13,555.75,562,552.25,560.5,772,24844,1175118
5/24/13,558.5,562.75,553.25,562.75,5111,25803,1179630
5/27/13,558.5,562.75,553.25,562.75,0,0,0
5/28/13,567.75,578.75,567.75,576,1521,26185,1183455
5/29/13,576,590,573.25,588.5,4301,26682,1181496
5/30/13,587,588.75,579.5,585.75,2939,27185,1185158
5/31/13,584.5,594,581.5,587.5,1590,27487,1178058
6/3/13,587.25,594.5,575.5,582.75,4319,28193,1192959
6/4/13,581.5,581.5,570.25,577,2431,28741,1180085
6/5/13,577,577.25,566,567,3280,29478,1179730
6/6/13,565.5,574,564.5,572.75,2369,30412,1183887
6/7/13,571.75,583.25,571.75,582.25,2483,30953,1190302
6/10/13,577,577,564.25,570.5,4134,31874,1204734
6/11/13,570,577,567.75,575.5,3091,32654,1205335
6/12/13,575,575,560,562.25,2171,33072,1217399
6/13/13,562.5,562.5,554.75,560.75,4072,32956,1228508
6/14/13,559.75,562,555.75,558.25,3081,33580,1252985
6/17/13,554.75,566.5,551.25,563.25,2291,34177,1251389
6/18/13,563.25,575,562.5,575,2798,34834,1240393
6/19/13,574,594.75,571.75,594.5,2560,35014,1239198
6/20/13,592,592,577,584.5,2168,35497,1239244
6/21/13,581,587,577.5,579.75,1837,35814,1231130
6/24/13,572.75,573.25,567,570.5,5320,36056,1223232
6/25/13,573.75,575,566,568.25,1760,36570,1185511
6/26/13,568,572.5,565.75,567.25,1924,36957,1155456
6/27/13,565,566.75,559,562.75,1133,37046,1132549
6/28/13,561.75,564,534.5,535.5,2367,37470,1109118
7/1/13,532.5,534,526.75,528,7090,37044,1094706
7/2/13,528,532.5,524,529.5,7165,38374,1101820
7/3/13,530.75,536,525.5,529.5,3478,38693,1109480
7/4/13,530.75,536,525.5,529.5,0,0,0
7/5/13,530,531.25,518,518.5,2535,38720,1123402
7/8/13,517.5,528.5,517.5,526.75,2152,39236,1120195
7/9/13,528.75,550.25,528.75,547.5,2657,39073,1114123
7/10/13,547.5,553.25,543,547.25,3066,39101,1119887
7/11/13,547.75,553.5,536.75,553,4371,39589,1108506
7/12/13,552,552.5,533.5,535.5,4096,40379,1115255
7/15/13,532,533.75,525.5,529.75,2218,40453,1114668
7/16/13,534,544,532.5,537,1915,40630,1116001
7/17/13,538.25,540,527.5,528,3565,40759,1114755
7/18/13,525,527.5,520.25,527,1857,40981,1121460
7/19/13,527,527.5,517.75,526.5,2830,40942,1128378
7/22/13,528.75,528.75,519,524,5635,41163,1139061
7/23/13,520,520.25,509,512,1875,41260,1151319
7/24/13,512,515.5,506.25,507,5548,40934,1168749
7/25/13,509.25,509.5,502.25,505.5,3284,41069,1172144
7/26/13,505.5,507.75,501.75,503,5739,41748,1173347
7/29/13,503.75,505.75,498.25,500.25,3081,42091,1169569
7/30/13,502.75,505.5,500.5,504.5,2545,42230,1169844
7/31/13,503.75,507.25,501,505.5,4125,41882,1169039
8/1/13,505.75,505.75,490.75,493.25,8420,40183,1164883
8/2/13,493.25,496,489,490.25,4228,40787,1167381
8/5/13,489,491.25,482.5,487.25,4512,42131,1170298
8/6/13,487.25,488,482,486,4464,42752,1175703
8/7/13,486.25,490.5,482.75,484.75,6050,43596,1177976
8/8/13,484.75,490.75,483.5,487.25,5564,43812,1183796
8/9/13,487,490,480.25,481.25,7283,44882,1194911
8/12/13,481.25,496.25,475,491.25,8028,46461,1197096
8/13/13,491.5,496,473.5,475.25,8914,46016,1204872
8/14/13,475.5,483.5,475,482.75,10657,47358,1206286
8/15/13,484,502,481,499,6042,47066,1212785
8/16/13,499.75,502,488,490,5745,46418,1224812
8/19/13,499.25,511.75,495,510.75,4367,46814,1214297
8/20/13,510.5,512,500.75,502.25,7821,47736,1213730
8/21/13,501.5,510.5,501.5,509,6603,47575,1199310
8/22/13,505.75,505.75,490.25,490.75,5540,46907,1192682
8/23/13,490,500,490,495.75,4471,47089,1178382
8/26/13,503,532.25,503,525,3911,47675,1120878
8/27/13,524.25,527.75,510.75,511.5,15178,48717,1112390
8/28/13,512.25,516.75,505,506.75,6541,48667,1090214
8/29/13,506.75,509.5,503.25,507.5,3681,48783,1078379
8/30/13,506.25,510.5,502.25,508.75,4340,49261,1071328
9/2/13,506.25,510.5,502.25,508.75,0,0,0
9/3/13,515.5,519.25,497,502.25,4108,49795,1068720
9/4/13,502.5,502.5,493.75,497,5808,49769,1071732
9/5/13,495.25,496.75,485,488.75,7861,50716,1067863
9/6/13,488.75,495.75,487.75,495.5,7294,51659,1075298
9/9/13,495.75,498,489,491.25,4832,51533,1071859
9/10/13,491,497.25,489,496.75,3637,51933,1075529
9/11/13,496.75,500.25,494.25,499.5,8785,52645,1084845
9/12/13,499,499.25,483.5,493.75,9889,54014,1076818
9/13/13,492,492.5,485,486.25,12548,56246,1091354
9/16/13,485,489.25,481.25,483.75,6796,58090,1098602
9/17/13,484.5,495,480.25,481.5,4893,58600,1105961
9/18/13,481.5,484.25,479.25,483.75,10313,59739,1124418
9/19/13,484.25,490.25,483,486.75,8101,60699,1138846
9/20/13,487,487,478.25,478.75,6185,62178,1141000
9/23/13,478,482.5,476,480.75,5044,63040,1140757
9/24/13,479.5,484,475.25,476,4462,63859,1142636
9/25/13,475.5,484,475.5,481.75,11276,62306,1147297
9/26/13,481.5,484.75,478.25,483.75,8827,62377,1152599
9/27/13,483.75,486,480,481,5840,61907,1156390
9/30/13,480,488.25,468,469,4896,62225,1157484
10/1/13,469.5,471.75,462.75,466.5,13610,64398,1170441
10/2/13,466,468.75,463.25,467,12465,67743,1182752
10/3/13,467,471.5,466.25,467.5,13844,69474,1194306
10/4/13,467.5,472.25,467,471.75,11866,71230,1202231
10/7/13,471,477.25,470.75,477,7907,71633,1202736
10/8/13,476.5,477.25,468,470,14486,71618,1206716
10/9/13,469,474.5,469,472.25,9675,72218,1215467
10/10/13,471.75,474.75,465,467,10014,72344,1216015
10/11/13,465,465,461,462,6789,74526,1223480
10/14/13,461,465.5,460.5,465.25,11322,76018,1226541
10/15/13,465,472,464.75,471.75,6842,77249,1232309
10/16/13,471.75,473.5,467.25,470.5,14803,77143,1237488
10/17/13,470,473.75,469.75,470.75,17666,79990,1244836
10/18/13,470.25,475.5,468.75,469.5,11041,79546,1244729
10/21/13,468.75,472.75,466,472,11477,79270,1256903
10/22/13,471.75,472.5,466.5,467,14092,81455,1271949
10/23/13,467,474.5,467,471.25,11509,82088,1284216
10/24/13,470.5,472.75,467,468.75,18303,81986,1292078
10/25/13,468.5,470.5,467.5,468.25,12258,82373,1294685
10/28/13,466.75,468,459,459.75,18579,81479,1294140
10/29/13,459,462.75,457,460,16682,84410,1308533
10/30/13,460,462.75,456.75,457.25,16719,86691,1321037
10/31/13,457,462.75,453.75,454.25,13396,87149,1320693
11/1/13,454,454.75,451,452.25,26717,89593,1327186
11/4/13,452,454.5,451,451.5,23978,88428,1326331
11/5/13,451,452,449.25,450.25,19217,91304,1340190
11/6/13,450,451.25,445.75,446.5,21220,91760,1332835
11/7/13,446,449.5,445.25,446.75,14228,93602,1351332
11/8/13,446,455.5,442.25,453.75,21225,97142,1365260
11/11/13,454,464.25,454,461.75,25890,99486,1388180
11/12/13,461.75,464.75,457.5,459.75,19444,100972,1373968
11/13/13,459.75,461.25,455.25,456,16345,103609,1371072
11/14/13,456,456.75,451.25,452.25,24061,103667,1371660
11/15/13,451.75,455,445.25,445.75,21537,105096,1371017
11/18/13,445.5,446,436.25,436.75,22493,105636,1366100
11/19/13,436.5,442.75,435.5,441.75,19494,108003,1385219
11/20/13,441.75,443,439,440.25,21391,109385,1386377
11/21/13,440.5,445.25,439.75,444.5,15123,111501,1389477
11/22/13,444.25,447.25,442,444.25,23124,112746,1378582
11/25/13,444.5,448,444.25,446.25,21699,114443,1298450
11/26/13,446.25,446.25,438,440,10110,114322,1262966
11/27/13,440,444.75,439,441.75,25335,116171,1232930
11/28/13,440,444.75,439,441.75,0,0,0
11/29/13,440,442.5,437,440,20995,118428,1205765
12/2/13,438.25,440.75,434.25,440,15627,117088,1202754
12/3/13,439.5,447.5,438.5,446.75,17955,117765,1202555
12/4/13,446.75,454.75,442,451.5,11316,118293,1199035
12/5/13,451,452.5,446,449,25237,119853,1195450
12/6/13,449,452,446,449.75,19708,121453,1197579
12/9/13,449.5,453.75,447.75,453.5,11735,120629,1197632
12/10/13,452.75,456,446,451.75,16441,119117,1201081
12/11/13,451.5,455,449.5,454.5,19024,119304,1199524
12/12/13,454.25,454.25,443,449.25,11199,119638,1198628
12/13/13,448.25,449.5,440,440.75,22575,118079,1196190
12/16/13,440.75,441.5,435.5,438.25,15387,118435,1192781
12/17/13,438.25,444,437.25,442,13516,119626,1195139
12/18/13,440.75,445,438.25,440.5,9110,121251,1194658
12/19/13,440.5,446,439.5,445.5,13602,121667,1189783
12/20/13,445,449.5,443,448.5,10373,122394,1190892
12/23/13,447.5,450.75,447,449.5,12616,123118,1186779
12/24/13,449,450.25,447.25,449.75,9548,121746,1180231
12/26/13,447.75,447.75,441.25,441.75,3816,122176,1178130
12/27/13,441.5,443.75,441.25,442.75,10375,124150,1182949
12/30/13,441.5,441.75,438.25,438.75,5297,124781,1192183
12/31/13,441.5,441.75,438.25,438.75,0,0,0
1/2/14,436.5,442,433.5,435.75,10514,126877,1202943
1/3/14,436,439.25,432.25,438.75,22857,127701,1209235
1/6/14,438.75,443,438.75,442.5,13767,129857,1223050
1/7/14,442.25,445,439.75,440.5,11868,131183,1222378
1/8/14,440,442.25,430,432.5,21680,132404,1223592
1/9/14,432,432,423.5,427.75,37252,136358,1256677
1/10/14,427.25,447.75,421.75,447.5,55278,144505,1273151
1/13/14,446.75,450,445,449.25,87231,146184,1285967
1/14/14,448.5,448.5,441.75,446.25,51226,145645,1279985
1/15/14,445.5,446,440,440.5,35454,146798,1280201
1/16/14,440,444.25,438.75,441.75,25759,152629,1295623
1/17/14,440.75,441.5,436.5,438.5,42999,153828,1299145
1/20/14,440.75,441.5,436.5,438.5,0,0,0
1/21/14,438.25,439,434.75,438.5,16633,153465,1302398
1/22/14,438,441.25,437.75,439,36468,156260,1310544
1/23/14,438.25,442.75,438.25,441.25,35493,163935,1310820
1/24/14,440,442,437.75,441.5,41383,166479,1326067
1/27/14,441,444.5,439,444,50143,170631,1317996
1/28/14,443,444.5,442.25,443.25,23299,174837,1315703
1/29/14,442.5,443,438.25,439.25,43582,172835,1315853
1/30/14,439,445.5,439,443.5,35087,171598,1311288
1/31/14,442.5,444.75,441,444,51681,175114,1310580
2/3/14,443.5,449.75,443.25,446.75,45091,178061,1304900
2/4/14,446.5,453,445.75,452.75,50730,183962,1310531
2/5/14,452,453,449.75,452.25,40477,187422,1319044
2/6/14,451.75,456.25,450.75,453.5,46947,191430,1311904
2/7/14,453,456,451,455.5,61705,200849,1319105
2/10/14,454.25,460,451,454.75,60120,215219,1327535
2/11/14,454.5,456,448.75,452.5,92886,234558,1344989
2/12/14,451.75,455.75,450,451.5,57394,238248,1346959
2/13/14,451,453.25,449.25,451,56959,243678,1364148
2/14/14,450.75,455.5,448.25,455,60507,242101,1370941
2/17/14,450.75,455.5,448.25,455,0,0,0
2/18/14,454.5,460.25,454.25,460,45471,248504,1380506
2/19/14,459.25,465.5,458.75,464.75,35429,251959,1385213
2/20/14,464,467.25,462.25,466.75,52803,254286,1392500
2/21/14,466,467.5,460,462.75,55545,256401,1399061
2/24/14,461.5,462.75,456.5,462.25,49660,261200,1373131
2/25/14,461,466,458.25,465.25,46337,261555,1361411
2/26/14,464.25,468.75,462.75,464.75,35198,261436,1343280
2/27/14,464,466.75,457.25,458.5,44356,263898,1329486
2/28/14,458.25,468.5,457.25,467.5,51071,258257,1276128
3/3/14,468.25,486,468.25,474.75,55543,259446,1269309
3/4/14,474,488.75,470,488.25,119514,258881,1288382
3/5/14,486.75,492.25,483.5,486.25,76079,258220,1300944
3/6/14,484.75,496.25,483,495.25,98336,252173,1290741
3/7/14,494,506,488.5,493,71606,253634,1306887
3/10/14,490.5,491.75,480,482.25,91175,253301,1307353
3/11/14,481,488.75,477.25,487,62187,249243,1306017
3/12/14,486.5,492.75,480.5,492,62171,247970,1315004
3/13/14,490.5,496.75,486.5,489,62674,242918,1322688
3/14/14,487.75,492.75,483,490.5,50945,243086,1318576
3/17/14,489,491.75,481.25,484,45876,240224,1317264
3/18/14,483.5,491.5,482.25,491,31837,244643,1322454
3/19/14,490.5,496,487,492.75,36461,247031,1328077
3/20/14,492,492,482.75,483.5,43893,246106,1327403
3/21/14,483.5,485.75,481,483.75,37456,246102,1322458
3/24/14,484.25,495.25,482.75,494.5,39047,250787,1319514
3/25/14,493.5,494.5,489.25,491.25,45012,254099,1328823
3/26/14,490.5,492.25,487,489.25,35980,254178,1330028
3/27/14,488.5,496.75,486.75,496.25,34253,256833,1325688
3/28/14,495.5,500,493.5,496.25,68175,262428,1335708
3/31/14,494,508.25,480.25,506.75,61973,269139,1339568
4/1/14,506.25,517,506,512.5,138701,276944,1341949
4/2/14,511.5,512.5,495.75,501,108105,290294,1362869
4/3/14,502,506,499.25,505.25,98435,300863,1371406
4/4/14,504,508,498.5,507.5,76573,313521,1386811
4/7/14,506,508,500.25,505.25,72228,322603,1392020
4/8/14,504.5,513.5,502.25,513,125863,345036,1389196
4/9/14,512,524.25,505.75,508,97252,365271,1397216
4/10/14,507.5,509,499.75,507.25,231823,393110,1404956
4/11/14,505,511,503.75,504.5,133956,419288,1416059
4/14/14,504,513,503.5,509.25,127881,457050,1418242
4/15/14,509,512.75,503.5,509.75,91088,473689,1422165
4/17/14,503.5,507,498.75,500.5,113521,503158,1408317
4/18/14,503.5,507,498.75,500.5,0,0,0
4/21/14,499,499.25,490.75,493.75,107743,521275,1411560
4/22/14,494.25,506,492.75,502,125146,528723,1400995
4/23/14,501.75,510,500.25,509.5,186658,552866,1392699
4/24/14,508.25,513.5,505.5,507.25,131287,581996,1415508
4/25/14,507,516.75,506.75,512.75,145313,591572,1408749
4/28/14,512.25,518.5,511.25,513.75,124581,604455,1393257
4/29/14,514.5,522,514.25,521.5,158647,613304,1369917
4/30/14,520.75,521.5,514.5,519,158522,627404,1364430
5/1/14,518,521,504.5,507,112742,626416,1357554
5/2/14,507,509.75,497.75,499.5,151051,621046,1352003
5/5/14,499,509.5,497.5,508,125005,617119,1346929
5/6/14,507.25,519,502,517.5,109905,609556,1343314
5/7/14,516.25,519,510.25,514,118389,614090,1350560
5/8/14,513.75,517,508,516.5,115711,607683,1346757
5/9/14,515.5,522.75,505.75,507.5,106988,599650,1344275
5/12/14,505.25,506.25,498.5,499.5,219709,598402,1345068
5/13/14,499,503.5,497.5,502.75,98611,591991,1338533
5/14/14,502,504.5,495.25,495.5,95487,593499,1342203
5/15/14,495.5,497.25,481.75,484.25,105785,592952,1351135
5/16/14,484.5,487,480.25,483.5,138763,586279,1342330
5/19/14,481.75,482.5,476.25,477.25,92663,576556,1329482
5/20/14,477.75,481.25,473,473.5,119746,563930,1318201
5/21/14,473.5,476,472.5,474.5,113173,560287,1322910
5/22/14,474.5,482.5,472.5,476.75,96480,555632,1322489
5/23/14,477.5,480.5,475.5,478,110931,550233,1327566
5/26/14,477.5,480.5,475.5,478,0,0,0
5/27/14,474.5,475,469.25,469.75,85635,544338,1332858
5/28/14,469.75,473,466.5,472.5,101114,538168,1332709
5/29/14,472.5,472.75,467.25,469.5,102756,530113,1337253
5/30/14,469.75,473.5,465,465.75,131247,519827,1347311
6/2/14,465,470.5,460.25,465.5,128747,507311,1342511
6/3/14,463.25,465,456,458.25,160531,492381,1347846
6/4/14,458.5,460.5,454.25,456.25,118131,488865,1357565
6/5/14,457,458,448.5,449,93357,473752,1360144
6/6/14,449,459.75,447,459,113818,459758,1368459
6/9/14,457,457.5,445.5,451,163777,449067,1383208
6/10/14,450.5,455,444.75,445.5,158202,424058,1386663
6/11/14,445.5,449.75,439.25,441,142517,403399,1397425
6/12/14,440.5,445,439.5,444,185493,372849,1406458
6/13/14,444,449.75,443.75,447,157865,353091,1413249
6/16/14,444.25,449.5,440.25,441,127960,329725,1416575
6/17/14,440.75,441.5,435.5,438.75,128964,301442,1416959
6/18/14,438.5,443.75,438.5,441.5,109891,279280,1406179
6/19/14,441,450.75,441,450.5,95337,258381,1399007
6/20/14,449.75,453.75,446.25,453.25,117242,231544,1396970
6/23/14,452.5,457.75,444,444.5,112310,193279,1365438
6/24/14,444.75,445,439.5,443,113223,165944,1367726
6/25/14,443,443,440,441,108660,141905,1362699
6/26/14,441.5,446,440.75,442.75,135829,101760,1336578
6/27/14,442.25,444.5,440,443,121751,66673,1319614
6/30/14,442.25,443.75,422.5,424.25,111681,24876,1287360
7/1/14,423.75,423.75,416,422.75,32988,16307,1288682
7/2/14,423,423.25,416.25,418.5,9735,13373,1281646
7/3/14,418.75,420.25,416.25,417,6362,10512,1286835
7/4/14,418.75,420.25,416.25,417,0,0,0
7/7/14,412.25,413.25,405.5,409.25,3041,9355,1289324
7/8/14,410.5,411,407.25,408.25,2821,8074,1298083
7/9/14,408.75,408.75,400.75,404,3811,5778,1306608
7/10/14,404,406,399.25,400.5,3041,3708,1310910
7/11/14,400.5,403.5,394,399.75,2865,1689,1310511
7/14/14,397.75,408.75,390,390.25,1990,421,1321611